﻿<?xml version="1.0" encoding="utf-8"?>
<TextureAtlas imagePath="amcikbf.png">
	<!-- Created with Adobe Animate version 24.0.4.28 -->
	<!-- http://www.adobe.com/products/animate.html -->
	<SubTexture name="BF HEY!!0000" x="0" y="0" width="335" height="319" frameX="-2" frameY="0" frameWidth="357" frameHeight="321"/>
	<SubTexture name="BF HEY!!0001" x="335" y="0" width="335" height="319" frameX="-2" frameY="0" frameWidth="357" frameHeight="321"/>
	<SubTexture name="BF HEY!!0002" x="670" y="0" width="357" height="302" frameX="0" frameY="-19" frameWidth="357" frameHeight="321"/>
	<SubTexture name="BF HEY!!0003" x="1027" y="0" width="357" height="302" frameX="0" frameY="-19" frameWidth="357" frameHeight="321"/>
	<SubTexture name="BF HEY!!0004" x="1384" y="0" width="357" height="303" frameX="0" frameY="-18" frameWidth="357" frameHeight="321"/>
	<SubTexture name="BF HEY!!0005" x="1741" y="0" width="357" height="303" frameX="0" frameY="-18" frameWidth="357" frameHeight="321"/>
	<SubTexture name="BF HEY!!0006" x="2098" y="0" width="357" height="303" frameX="0" frameY="-18" frameWidth="357" frameHeight="321"/>
	<SubTexture name="BF HEY!!0007" x="2455" y="0" width="357" height="303" frameX="0" frameY="-18" frameWidth="357" frameHeight="321"/>
	<SubTexture name="BF HEY!!0008" x="1384" y="0" width="357" height="303" frameX="0" frameY="-18" frameWidth="357" frameHeight="321"/>
	<SubTexture name="BF HEY!!0009" x="1741" y="0" width="357" height="303" frameX="0" frameY="-18" frameWidth="357" frameHeight="321"/>
	<SubTexture name="BF HEY!!0010" x="2098" y="0" width="357" height="303" frameX="0" frameY="-18" frameWidth="357" frameHeight="321"/>
	<SubTexture name="BF HEY!!0011" x="2455" y="0" width="357" height="303" frameX="0" frameY="-18" frameWidth="357" frameHeight="321"/>
	<SubTexture name="BF HEY!!0012" x="1384" y="0" width="357" height="303" frameX="0" frameY="-18" frameWidth="357" frameHeight="321"/>
	<SubTexture name="BF HEY!!0013" x="1741" y="0" width="357" height="303" frameX="0" frameY="-18" frameWidth="357" frameHeight="321"/>
	<SubTexture name="BF HEY!!0014" x="2098" y="0" width="357" height="303" frameX="0" frameY="-18" frameWidth="357" frameHeight="321"/>
	<SubTexture name="BF HEY!!0015" x="2455" y="0" width="357" height="303" frameX="0" frameY="-18" frameWidth="357" frameHeight="321"/>
	<SubTexture name="BF HEY!!0016" x="1384" y="0" width="357" height="303" frameX="0" frameY="-18" frameWidth="357" frameHeight="321"/>
	<SubTexture name="BF HEY!!0017" x="1741" y="0" width="357" height="303" frameX="0" frameY="-18" frameWidth="357" frameHeight="321"/>
	<SubTexture name="BF HEY!!0018" x="2098" y="0" width="357" height="303" frameX="0" frameY="-18" frameWidth="357" frameHeight="321"/>
	<SubTexture name="BF HEY!!0019" x="2455" y="0" width="357" height="303" frameX="0" frameY="-18" frameWidth="357" frameHeight="321"/>
	<SubTexture name="BF HEY!!0020" x="1384" y="0" width="357" height="303" frameX="0" frameY="-18" frameWidth="357" frameHeight="321"/>
	<SubTexture name="BF HEY!!0021" x="1741" y="0" width="357" height="303" frameX="0" frameY="-18" frameWidth="357" frameHeight="321"/>
	<SubTexture name="BF HEY!!0022" x="2098" y="0" width="357" height="303" frameX="0" frameY="-18" frameWidth="357" frameHeight="321"/>
	<SubTexture name="BF HEY!!0023" x="2455" y="0" width="357" height="303" frameX="0" frameY="-18" frameWidth="357" frameHeight="321"/>
	<SubTexture name="BF HEY!!0024" x="1384" y="0" width="357" height="303" frameX="0" frameY="-18" frameWidth="357" frameHeight="321"/>
	<SubTexture name="BF HEY!!0025" x="1741" y="0" width="357" height="303" frameX="0" frameY="-18" frameWidth="357" frameHeight="321"/>
	<SubTexture name="BF NOTE DOWN0000" x="2812" y="0" width="358" height="256" frameX="0" frameY="-6" frameWidth="358" frameHeight="262"/>
	<SubTexture name="BF NOTE DOWN0001" x="3170" y="0" width="358" height="256" frameX="0" frameY="-6" frameWidth="358" frameHeight="262"/>
	<SubTexture name="BF NOTE DOWN0002" x="3528" y="0" width="352" height="262" frameX="-4" frameY="0" frameWidth="358" frameHeight="262"/>
	<SubTexture name="BF NOTE DOWN0003" x="0" y="319" width="352" height="262" frameX="-4" frameY="0" frameWidth="358" frameHeight="262"/>
	<SubTexture name="BF NOTE DOWN0004" x="352" y="319" width="352" height="262" frameX="-4" frameY="0" frameWidth="358" frameHeight="262"/>
	<SubTexture name="BF NOTE DOWN0005" x="704" y="319" width="352" height="262" frameX="-4" frameY="0" frameWidth="358" frameHeight="262"/>
	<SubTexture name="BF NOTE DOWN0006" x="3528" y="0" width="352" height="262" frameX="-4" frameY="0" frameWidth="358" frameHeight="262"/>
	<SubTexture name="BF NOTE DOWN0007" x="0" y="319" width="352" height="262" frameX="-4" frameY="0" frameWidth="358" frameHeight="262"/>
	<SubTexture name="BF NOTE DOWN0008" x="352" y="319" width="352" height="262" frameX="-4" frameY="0" frameWidth="358" frameHeight="262"/>
	<SubTexture name="BF NOTE DOWN0009" x="704" y="319" width="352" height="262" frameX="-4" frameY="0" frameWidth="358" frameHeight="262"/>
	<SubTexture name="BF NOTE DOWN0010" x="3528" y="0" width="352" height="262" frameX="-4" frameY="0" frameWidth="358" frameHeight="262"/>
	<SubTexture name="BF NOTE DOWN0011" x="0" y="319" width="352" height="262" frameX="-4" frameY="0" frameWidth="358" frameHeight="262"/>
	<SubTexture name="BF NOTE DOWN0012" x="352" y="319" width="352" height="262" frameX="-4" frameY="0" frameWidth="358" frameHeight="262"/>
	<SubTexture name="BF NOTE DOWN0013" x="704" y="319" width="352" height="262" frameX="-4" frameY="0" frameWidth="358" frameHeight="262"/>
	<SubTexture name="BF NOTE DOWN0014" x="3528" y="0" width="352" height="262" frameX="-4" frameY="0" frameWidth="358" frameHeight="262"/>
	<SubTexture name="BF NOTE DOWN0015" x="0" y="319" width="352" height="262" frameX="-4" frameY="0" frameWidth="358" frameHeight="262"/>
	<SubTexture name="BF NOTE DOWN0016" x="352" y="319" width="352" height="262" frameX="-4" frameY="0" frameWidth="358" frameHeight="262"/>
	<SubTexture name="BF NOTE DOWN0017" x="704" y="319" width="352" height="262" frameX="-4" frameY="0" frameWidth="358" frameHeight="262"/>
	<SubTexture name="BF NOTE DOWN0018" x="3528" y="0" width="352" height="262" frameX="-4" frameY="0" frameWidth="358" frameHeight="262"/>
	<SubTexture name="BF NOTE DOWN0019" x="0" y="319" width="352" height="262" frameX="-4" frameY="0" frameWidth="358" frameHeight="262"/>
	<SubTexture name="BF NOTE DOWN0020" x="352" y="319" width="352" height="262" frameX="-4" frameY="0" frameWidth="358" frameHeight="262"/>
	<SubTexture name="BF NOTE DOWN0021" x="704" y="319" width="352" height="262" frameX="-4" frameY="0" frameWidth="358" frameHeight="262"/>
	<SubTexture name="BF NOTE DOWN0022" x="3528" y="0" width="352" height="262" frameX="-4" frameY="0" frameWidth="358" frameHeight="262"/>
	<SubTexture name="BF NOTE DOWN0023" x="0" y="319" width="352" height="262" frameX="-4" frameY="0" frameWidth="358" frameHeight="262"/>
	<SubTexture name="BF NOTE DOWN0024" x="352" y="319" width="352" height="262" frameX="-4" frameY="0" frameWidth="358" frameHeight="262"/>
	<SubTexture name="BF NOTE DOWN0025" x="704" y="319" width="352" height="262" frameX="-4" frameY="0" frameWidth="358" frameHeight="262"/>
	<SubTexture name="BF NOTE DOWN0026" x="3528" y="0" width="352" height="262" frameX="-4" frameY="0" frameWidth="358" frameHeight="262"/>
	<SubTexture name="BF NOTE DOWN0027" x="0" y="319" width="352" height="262" frameX="-4" frameY="0" frameWidth="358" frameHeight="262"/>
	<SubTexture name="BF NOTE DOWN0028" x="352" y="319" width="352" height="262" frameX="-4" frameY="0" frameWidth="358" frameHeight="262"/>
	<SubTexture name="BF NOTE DOWN0029" x="704" y="319" width="352" height="262" frameX="-4" frameY="0" frameWidth="358" frameHeight="262"/>
	<SubTexture name="BF NOTE DOWN MISS0000" x="1056" y="319" width="358" height="298" frameX="-18" frameY="-94" frameWidth="378" frameHeight="392"/>
	<SubTexture name="BF NOTE DOWN MISS0001" x="1414" y="319" width="376" height="392" frameX="-1" frameY="0" frameWidth="378" frameHeight="392"/>
	<SubTexture name="BF NOTE DOWN MISS0002" x="1414" y="319" width="376" height="392" frameX="-1" frameY="0" frameWidth="378" frameHeight="392"/>
	<SubTexture name="BF NOTE DOWN MISS0003" x="1790" y="319" width="378" height="388" frameX="0" frameY="-4" frameWidth="378" frameHeight="392"/>
	<SubTexture name="BF NOTE DOWN MISS0004" x="1790" y="319" width="378" height="388" frameX="0" frameY="-4" frameWidth="378" frameHeight="392"/>
	<SubTexture name="BF NOTE DOWN MISS0005" x="1790" y="319" width="378" height="388" frameX="0" frameY="-4" frameWidth="378" frameHeight="392"/>
	<SubTexture name="BF NOTE DOWN MISS0006" x="1790" y="319" width="378" height="388" frameX="0" frameY="-4" frameWidth="378" frameHeight="392"/>
	<SubTexture name="BF NOTE DOWN MISS0007" x="1790" y="319" width="378" height="388" frameX="0" frameY="-4" frameWidth="378" frameHeight="392"/>
	<SubTexture name="BF NOTE DOWN MISS0008" x="1790" y="319" width="378" height="388" frameX="0" frameY="-4" frameWidth="378" frameHeight="392"/>
	<SubTexture name="BF NOTE DOWN MISS0009" x="1790" y="319" width="378" height="388" frameX="0" frameY="-4" frameWidth="378" frameHeight="392"/>
	<SubTexture name="BF NOTE DOWN MISS0010" x="1790" y="319" width="378" height="388" frameX="0" frameY="-4" frameWidth="378" frameHeight="392"/>
	<SubTexture name="BF NOTE DOWN MISS0011" x="1790" y="319" width="378" height="388" frameX="0" frameY="-4" frameWidth="378" frameHeight="392"/>
	<SubTexture name="BF NOTE DOWN MISS0012" x="1790" y="319" width="378" height="388" frameX="0" frameY="-4" frameWidth="378" frameHeight="392"/>
	<SubTexture name="BF NOTE DOWN MISS0013" x="1790" y="319" width="378" height="388" frameX="0" frameY="-4" frameWidth="378" frameHeight="392"/>
	<SubTexture name="BF NOTE DOWN MISS0014" x="1790" y="319" width="378" height="388" frameX="0" frameY="-4" frameWidth="378" frameHeight="392"/>
	<SubTexture name="BF NOTE DOWN MISS0015" x="1790" y="319" width="378" height="388" frameX="0" frameY="-4" frameWidth="378" frameHeight="392"/>
	<SubTexture name="BF NOTE DOWN MISS0016" x="1790" y="319" width="378" height="388" frameX="0" frameY="-4" frameWidth="378" frameHeight="392"/>
	<SubTexture name="BF NOTE DOWN MISS0017" x="1790" y="319" width="378" height="388" frameX="0" frameY="-4" frameWidth="378" frameHeight="392"/>
	<SubTexture name="BF NOTE DOWN MISS0018" x="1790" y="319" width="378" height="388" frameX="0" frameY="-4" frameWidth="378" frameHeight="392"/>
	<SubTexture name="BF NOTE DOWN MISS0019" x="1790" y="319" width="378" height="388" frameX="0" frameY="-4" frameWidth="378" frameHeight="392"/>
	<SubTexture name="BF NOTE DOWN MISS0020" x="1790" y="319" width="378" height="388" frameX="0" frameY="-4" frameWidth="378" frameHeight="392"/>
	<SubTexture name="BF NOTE DOWN MISS0021" x="1790" y="319" width="378" height="388" frameX="0" frameY="-4" frameWidth="378" frameHeight="392"/>
	<SubTexture name="BF NOTE DOWN MISS0022" x="1790" y="319" width="378" height="388" frameX="0" frameY="-4" frameWidth="378" frameHeight="392"/>
	<SubTexture name="BF NOTE DOWN MISS0023" x="1790" y="319" width="378" height="388" frameX="0" frameY="-4" frameWidth="378" frameHeight="392"/>
	<SubTexture name="BF NOTE DOWN MISS0024" x="1790" y="319" width="378" height="388" frameX="0" frameY="-4" frameWidth="378" frameHeight="392"/>
	<SubTexture name="BF NOTE DOWN MISS0025" x="1790" y="319" width="378" height="388" frameX="0" frameY="-4" frameWidth="378" frameHeight="392"/>
	<SubTexture name="BF NOTE DOWN MISS0026" x="1790" y="319" width="378" height="388" frameX="0" frameY="-4" frameWidth="378" frameHeight="392"/>
	<SubTexture name="BF NOTE DOWN MISS0027" x="1790" y="319" width="378" height="388" frameX="0" frameY="-4" frameWidth="378" frameHeight="392"/>
	<SubTexture name="BF NOTE DOWN MISS0028" x="1790" y="319" width="378" height="388" frameX="0" frameY="-4" frameWidth="378" frameHeight="392"/>
	<SubTexture name="BF NOTE LEFT0000" x="2168" y="319" width="358" height="298" frameX="0" frameY="0" frameWidth="359" frameHeight="298"/>
	<SubTexture name="BF NOTE LEFT0001" x="2526" y="319" width="358" height="298" frameX="0" frameY="0" frameWidth="359" frameHeight="298"/>
	<SubTexture name="BF NOTE LEFT0002" x="2884" y="319" width="349" height="295" frameX="-10" frameY="-3" frameWidth="359" frameHeight="298"/>
	<SubTexture name="BF NOTE LEFT0003" x="3233" y="319" width="348" height="295" frameX="-11" frameY="-3" frameWidth="359" frameHeight="298"/>
	<SubTexture name="BF NOTE LEFT0004" x="3581" y="319" width="354" height="295" frameX="-5" frameY="-3" frameWidth="359" frameHeight="298"/>
	<SubTexture name="BF NOTE LEFT0005" x="0" y="711" width="355" height="295" frameX="-4" frameY="-3" frameWidth="359" frameHeight="298"/>
	<SubTexture name="BF NOTE LEFT0006" x="2884" y="319" width="349" height="295" frameX="-10" frameY="-3" frameWidth="359" frameHeight="298"/>
	<SubTexture name="BF NOTE LEFT0007" x="3233" y="319" width="348" height="295" frameX="-11" frameY="-3" frameWidth="359" frameHeight="298"/>
	<SubTexture name="BF NOTE LEFT0008" x="3581" y="319" width="354" height="295" frameX="-5" frameY="-3" frameWidth="359" frameHeight="298"/>
	<SubTexture name="BF NOTE LEFT0009" x="0" y="711" width="355" height="295" frameX="-4" frameY="-3" frameWidth="359" frameHeight="298"/>
	<SubTexture name="BF NOTE LEFT0010" x="2884" y="319" width="349" height="295" frameX="-10" frameY="-3" frameWidth="359" frameHeight="298"/>
	<SubTexture name="BF NOTE LEFT0011" x="3233" y="319" width="348" height="295" frameX="-11" frameY="-3" frameWidth="359" frameHeight="298"/>
	<SubTexture name="BF NOTE LEFT0012" x="3581" y="319" width="354" height="295" frameX="-5" frameY="-3" frameWidth="359" frameHeight="298"/>
	<SubTexture name="BF NOTE LEFT0013" x="0" y="711" width="355" height="295" frameX="-4" frameY="-3" frameWidth="359" frameHeight="298"/>
	<SubTexture name="BF NOTE LEFT0014" x="2884" y="319" width="349" height="295" frameX="-10" frameY="-3" frameWidth="359" frameHeight="298"/>
	<SubTexture name="BF NOTE LEFT0015" x="3233" y="319" width="348" height="295" frameX="-11" frameY="-3" frameWidth="359" frameHeight="298"/>
	<SubTexture name="BF NOTE LEFT MISS0000" x="355" y="711" width="358" height="335" frameX="-12" frameY="-97" frameWidth="371" frameHeight="432"/>
	<SubTexture name="BF NOTE LEFT MISS0001" x="713" y="711" width="369" height="430" frameX="-2" frameY="0" frameWidth="371" frameHeight="432"/>
	<SubTexture name="BF NOTE LEFT MISS0002" x="713" y="711" width="369" height="430" frameX="-2" frameY="0" frameWidth="371" frameHeight="432"/>
	<SubTexture name="BF NOTE LEFT MISS0003" x="1082" y="711" width="370" height="430" frameX="0" frameY="0" frameWidth="371" frameHeight="432"/>
	<SubTexture name="BF NOTE LEFT MISS0004" x="1082" y="711" width="370" height="430" frameX="0" frameY="0" frameWidth="371" frameHeight="432"/>
	<SubTexture name="BF NOTE LEFT MISS0005" x="1082" y="711" width="370" height="430" frameX="0" frameY="0" frameWidth="371" frameHeight="432"/>
	<SubTexture name="BF NOTE LEFT MISS0006" x="1082" y="711" width="370" height="430" frameX="0" frameY="0" frameWidth="371" frameHeight="432"/>
	<SubTexture name="BF NOTE LEFT MISS0007" x="1082" y="711" width="370" height="430" frameX="0" frameY="0" frameWidth="371" frameHeight="432"/>
	<SubTexture name="BF NOTE LEFT MISS0008" x="1082" y="711" width="370" height="430" frameX="0" frameY="0" frameWidth="371" frameHeight="432"/>
	<SubTexture name="BF NOTE LEFT MISS0009" x="1082" y="711" width="370" height="430" frameX="0" frameY="0" frameWidth="371" frameHeight="432"/>
	<SubTexture name="BF NOTE LEFT MISS0010" x="1082" y="711" width="370" height="430" frameX="0" frameY="0" frameWidth="371" frameHeight="432"/>
	<SubTexture name="BF NOTE LEFT MISS0011" x="1082" y="711" width="370" height="430" frameX="0" frameY="0" frameWidth="371" frameHeight="432"/>
	<SubTexture name="BF NOTE LEFT MISS0012" x="1082" y="711" width="370" height="430" frameX="0" frameY="0" frameWidth="371" frameHeight="432"/>
	<SubTexture name="BF NOTE LEFT MISS0013" x="1082" y="711" width="370" height="430" frameX="0" frameY="0" frameWidth="371" frameHeight="432"/>
	<SubTexture name="BF NOTE LEFT MISS0014" x="1082" y="711" width="370" height="430" frameX="0" frameY="0" frameWidth="371" frameHeight="432"/>
	<SubTexture name="BF NOTE LEFT MISS0015" x="1082" y="711" width="370" height="430" frameX="0" frameY="0" frameWidth="371" frameHeight="432"/>
	<SubTexture name="BF NOTE LEFT MISS0016" x="1082" y="711" width="370" height="430" frameX="0" frameY="0" frameWidth="371" frameHeight="432"/>
	<SubTexture name="BF NOTE LEFT MISS0017" x="1082" y="711" width="370" height="430" frameX="0" frameY="0" frameWidth="371" frameHeight="432"/>
	<SubTexture name="BF NOTE LEFT MISS0018" x="1082" y="711" width="370" height="430" frameX="0" frameY="0" frameWidth="371" frameHeight="432"/>
	<SubTexture name="BF NOTE LEFT MISS0019" x="1082" y="711" width="370" height="430" frameX="0" frameY="0" frameWidth="371" frameHeight="432"/>
	<SubTexture name="BF NOTE LEFT MISS0020" x="1082" y="711" width="370" height="430" frameX="0" frameY="0" frameWidth="371" frameHeight="432"/>
	<SubTexture name="BF NOTE LEFT MISS0021" x="1082" y="711" width="370" height="430" frameX="0" frameY="0" frameWidth="371" frameHeight="432"/>
	<SubTexture name="BF NOTE LEFT MISS0022" x="1082" y="711" width="370" height="430" frameX="0" frameY="0" frameWidth="371" frameHeight="432"/>
	<SubTexture name="BF NOTE LEFT MISS0023" x="1082" y="711" width="370" height="430" frameX="0" frameY="0" frameWidth="371" frameHeight="432"/>
	<SubTexture name="BF NOTE LEFT MISS0024" x="1082" y="711" width="370" height="430" frameX="0" frameY="0" frameWidth="371" frameHeight="432"/>
	<SubTexture name="BF NOTE LEFT MISS0025" x="1082" y="711" width="370" height="430" frameX="0" frameY="0" frameWidth="371" frameHeight="432"/>
	<SubTexture name="BF NOTE LEFT MISS0026" x="1082" y="711" width="370" height="430" frameX="0" frameY="0" frameWidth="371" frameHeight="432"/>
	<SubTexture name="BF NOTE LEFT MISS0027" x="1082" y="711" width="370" height="430" frameX="0" frameY="0" frameWidth="371" frameHeight="432"/>
	<SubTexture name="BF NOTE LEFT MISS0028" x="1082" y="711" width="370" height="430" frameX="0" frameY="0" frameWidth="371" frameHeight="432"/>
	<SubTexture name="BF NOTE LEFT MISS0029" x="1082" y="711" width="370" height="430" frameX="0" frameY="0" frameWidth="371" frameHeight="432"/>
	<SubTexture name="BF NOTE LEFT MISS0030" x="1082" y="711" width="370" height="430" frameX="0" frameY="0" frameWidth="371" frameHeight="432"/>
	<SubTexture name="BF NOTE LEFT MISS0031" x="1082" y="711" width="370" height="430" frameX="0" frameY="0" frameWidth="371" frameHeight="432"/>
	<SubTexture name="BF NOTE LEFT MISS0032" x="1082" y="711" width="370" height="430" frameX="0" frameY="0" frameWidth="371" frameHeight="432"/>
	<SubTexture name="BF NOTE LEFT MISS0033" x="1082" y="711" width="370" height="430" frameX="0" frameY="0" frameWidth="371" frameHeight="432"/>
	<SubTexture name="BF NOTE RIGHT0000" x="1452" y="711" width="414" height="296" frameX="-1" frameY="-2" frameWidth="415" frameHeight="298"/>
	<SubTexture name="BF NOTE RIGHT0001" x="1866" y="711" width="414" height="296" frameX="-1" frameY="-2" frameWidth="415" frameHeight="298"/>
	<SubTexture name="BF NOTE RIGHT0002" x="2280" y="711" width="408" height="298" frameX="0" frameY="0" frameWidth="415" frameHeight="298"/>
	<SubTexture name="BF NOTE RIGHT0003" x="2688" y="711" width="408" height="298" frameX="0" frameY="0" frameWidth="415" frameHeight="298"/>
	<SubTexture name="BF NOTE RIGHT0004" x="3096" y="711" width="408" height="298" frameX="0" frameY="0" frameWidth="415" frameHeight="298"/>
	<SubTexture name="BF NOTE RIGHT0005" x="3504" y="711" width="408" height="298" frameX="0" frameY="0" frameWidth="415" frameHeight="298"/>
	<SubTexture name="BF NOTE RIGHT0006" x="2280" y="711" width="408" height="298" frameX="0" frameY="0" frameWidth="415" frameHeight="298"/>
	<SubTexture name="BF NOTE RIGHT0007" x="2688" y="711" width="408" height="298" frameX="0" frameY="0" frameWidth="415" frameHeight="298"/>
	<SubTexture name="BF NOTE RIGHT0008" x="3096" y="711" width="408" height="298" frameX="0" frameY="0" frameWidth="415" frameHeight="298"/>
	<SubTexture name="BF NOTE RIGHT0009" x="3504" y="711" width="408" height="298" frameX="0" frameY="0" frameWidth="415" frameHeight="298"/>
	<SubTexture name="BF NOTE RIGHT0010" x="2280" y="711" width="408" height="298" frameX="0" frameY="0" frameWidth="415" frameHeight="298"/>
	<SubTexture name="BF NOTE RIGHT0011" x="2688" y="711" width="408" height="298" frameX="0" frameY="0" frameWidth="415" frameHeight="298"/>
	<SubTexture name="BF NOTE RIGHT0012" x="3096" y="711" width="408" height="298" frameX="0" frameY="0" frameWidth="415" frameHeight="298"/>
	<SubTexture name="BF NOTE RIGHT0013" x="3504" y="711" width="408" height="298" frameX="0" frameY="0" frameWidth="415" frameHeight="298"/>
	<SubTexture name="BF NOTE RIGHT0014" x="2280" y="711" width="408" height="298" frameX="0" frameY="0" frameWidth="415" frameHeight="298"/>
	<SubTexture name="BF NOTE RIGHT0015" x="2688" y="711" width="408" height="298" frameX="0" frameY="0" frameWidth="415" frameHeight="298"/>
	<SubTexture name="BF NOTE RIGHT0016" x="3096" y="711" width="408" height="298" frameX="0" frameY="0" frameWidth="415" frameHeight="298"/>
	<SubTexture name="BF NOTE RIGHT0017" x="3504" y="711" width="408" height="298" frameX="0" frameY="0" frameWidth="415" frameHeight="298"/>
	<SubTexture name="BF NOTE RIGHT0018" x="2280" y="711" width="408" height="298" frameX="0" frameY="0" frameWidth="415" frameHeight="298"/>
	<SubTexture name="BF NOTE RIGHT0019" x="2688" y="711" width="408" height="298" frameX="0" frameY="0" frameWidth="415" frameHeight="298"/>
	<SubTexture name="BF NOTE RIGHT0020" x="3096" y="711" width="408" height="298" frameX="0" frameY="0" frameWidth="415" frameHeight="298"/>
	<SubTexture name="BF NOTE RIGHT0021" x="3504" y="711" width="408" height="298" frameX="0" frameY="0" frameWidth="415" frameHeight="298"/>
	<SubTexture name="BF NOTE RIGHT0022" x="2280" y="711" width="408" height="298" frameX="0" frameY="0" frameWidth="415" frameHeight="298"/>
	<SubTexture name="BF NOTE RIGHT0023" x="2688" y="711" width="408" height="298" frameX="0" frameY="0" frameWidth="415" frameHeight="298"/>
	<SubTexture name="BF NOTE RIGHT0024" x="3096" y="711" width="408" height="298" frameX="0" frameY="0" frameWidth="415" frameHeight="298"/>
	<SubTexture name="BF NOTE RIGHT0025" x="3504" y="711" width="408" height="298" frameX="0" frameY="0" frameWidth="415" frameHeight="298"/>
	<SubTexture name="BF NOTE RIGHT0026" x="2280" y="711" width="408" height="298" frameX="0" frameY="0" frameWidth="415" frameHeight="298"/>
	<SubTexture name="BF NOTE RIGHT0027" x="2688" y="711" width="408" height="298" frameX="0" frameY="0" frameWidth="415" frameHeight="298"/>
	<SubTexture name="BF NOTE RIGHT0028" x="3096" y="711" width="408" height="298" frameX="0" frameY="0" frameWidth="415" frameHeight="298"/>
	<SubTexture name="BF NOTE RIGHT0029" x="3504" y="711" width="408" height="298" frameX="0" frameY="0" frameWidth="415" frameHeight="298"/>
	<SubTexture name="BF NOTE RIGHT0030" x="2280" y="711" width="408" height="298" frameX="0" frameY="0" frameWidth="415" frameHeight="298"/>
	<SubTexture name="BF NOTE RIGHT0031" x="2688" y="711" width="408" height="298" frameX="0" frameY="0" frameWidth="415" frameHeight="298"/>
	<SubTexture name="BF NOTE RIGHT0032" x="3096" y="711" width="408" height="298" frameX="0" frameY="0" frameWidth="415" frameHeight="298"/>
	<SubTexture name="BF NOTE RIGHT0033" x="3504" y="711" width="408" height="298" frameX="0" frameY="0" frameWidth="415" frameHeight="298"/>
	<SubTexture name="BF NOTE RIGHT0034" x="2280" y="711" width="408" height="298" frameX="0" frameY="0" frameWidth="415" frameHeight="298"/>
	<SubTexture name="BF NOTE RIGHT0035" x="2688" y="711" width="408" height="298" frameX="0" frameY="0" frameWidth="415" frameHeight="298"/>
	<SubTexture name="BF NOTE RIGHT0036" x="3096" y="711" width="408" height="298" frameX="0" frameY="0" frameWidth="415" frameHeight="298"/>
	<SubTexture name="BF NOTE RIGHT0037" x="3504" y="711" width="408" height="298" frameX="0" frameY="0" frameWidth="415" frameHeight="298"/>
	<SubTexture name="BF NOTE RIGHT0038" x="2280" y="711" width="408" height="298" frameX="0" frameY="0" frameWidth="415" frameHeight="298"/>
	<SubTexture name="BF NOTE RIGHT0039" x="2688" y="711" width="408" height="298" frameX="0" frameY="0" frameWidth="415" frameHeight="298"/>
	<SubTexture name="BF NOTE RIGHT0040" x="3096" y="711" width="408" height="298" frameX="0" frameY="0" frameWidth="415" frameHeight="298"/>
	<SubTexture name="BF NOTE RIGHT0041" x="3504" y="711" width="408" height="298" frameX="0" frameY="0" frameWidth="415" frameHeight="298"/>
	<SubTexture name="BF NOTE RIGHT0042" x="2280" y="711" width="408" height="298" frameX="0" frameY="0" frameWidth="415" frameHeight="298"/>
	<SubTexture name="BF NOTE RIGHT0043" x="2688" y="711" width="408" height="298" frameX="0" frameY="0" frameWidth="415" frameHeight="298"/>
	<SubTexture name="BF NOTE RIGHT0044" x="3096" y="711" width="408" height="298" frameX="0" frameY="0" frameWidth="415" frameHeight="298"/>
	<SubTexture name="BF NOTE RIGHT0045" x="3504" y="711" width="408" height="298" frameX="0" frameY="0" frameWidth="415" frameHeight="298"/>
	<SubTexture name="BF NOTE RIGHT0046" x="2280" y="711" width="408" height="298" frameX="0" frameY="0" frameWidth="415" frameHeight="298"/>
	<SubTexture name="BF NOTE RIGHT0047" x="2688" y="711" width="408" height="298" frameX="0" frameY="0" frameWidth="415" frameHeight="298"/>
	<SubTexture name="BF NOTE RIGHT0048" x="3096" y="711" width="408" height="298" frameX="0" frameY="0" frameWidth="415" frameHeight="298"/>
	<SubTexture name="BF NOTE RIGHT0049" x="3504" y="711" width="408" height="298" frameX="0" frameY="0" frameWidth="415" frameHeight="298"/>
	<SubTexture name="BF NOTE RIGHT0050" x="2280" y="711" width="408" height="298" frameX="0" frameY="0" frameWidth="415" frameHeight="298"/>
	<SubTexture name="BF NOTE RIGHT0051" x="2688" y="711" width="408" height="298" frameX="0" frameY="0" frameWidth="415" frameHeight="298"/>
	<SubTexture name="BF NOTE RIGHT0052" x="3096" y="711" width="408" height="298" frameX="0" frameY="0" frameWidth="415" frameHeight="298"/>
	<SubTexture name="BF NOTE RIGHT0053" x="3504" y="711" width="408" height="298" frameX="0" frameY="0" frameWidth="415" frameHeight="298"/>
	<SubTexture name="BF NOTE RIGHT0054" x="2280" y="711" width="408" height="298" frameX="0" frameY="0" frameWidth="415" frameHeight="298"/>
	<SubTexture name="BF NOTE RIGHT0055" x="2688" y="711" width="408" height="298" frameX="0" frameY="0" frameWidth="415" frameHeight="298"/>
	<SubTexture name="BF NOTE RIGHT0056" x="3096" y="711" width="408" height="298" frameX="0" frameY="0" frameWidth="415" frameHeight="298"/>
	<SubTexture name="BF NOTE RIGHT0057" x="3504" y="711" width="408" height="298" frameX="0" frameY="0" frameWidth="415" frameHeight="298"/>
	<SubTexture name="BF NOTE RIGHT0058" x="2280" y="711" width="408" height="298" frameX="0" frameY="0" frameWidth="415" frameHeight="298"/>
	<SubTexture name="BF NOTE RIGHT0059" x="2688" y="711" width="408" height="298" frameX="0" frameY="0" frameWidth="415" frameHeight="298"/>
	<SubTexture name="BF NOTE RIGHT0060" x="3096" y="711" width="408" height="298" frameX="0" frameY="0" frameWidth="415" frameHeight="298"/>
	<SubTexture name="BF NOTE RIGHT0061" x="3504" y="711" width="408" height="298" frameX="0" frameY="0" frameWidth="415" frameHeight="298"/>
	<SubTexture name="BF NOTE RIGHT MISS0000" x="0" y="1141" width="414" height="341" frameX="-7" frameY="-94" frameWidth="421" frameHeight="435"/>
	<SubTexture name="BF NOTE RIGHT MISS0001" x="414" y="1141" width="395" height="432" frameX="0" frameY="0" frameWidth="421" frameHeight="435"/>
	<SubTexture name="BF NOTE RIGHT MISS0002" x="414" y="1141" width="395" height="432" frameX="0" frameY="0" frameWidth="421" frameHeight="435"/>
	<SubTexture name="BF NOTE RIGHT MISS0003" x="809" y="1141" width="400" height="432" frameX="-1" frameY="0" frameWidth="421" frameHeight="435"/>
	<SubTexture name="BF NOTE RIGHT MISS0004" x="809" y="1141" width="400" height="432" frameX="-1" frameY="0" frameWidth="421" frameHeight="435"/>
	<SubTexture name="BF NOTE RIGHT MISS0005" x="809" y="1141" width="400" height="432" frameX="-1" frameY="0" frameWidth="421" frameHeight="435"/>
	<SubTexture name="BF NOTE RIGHT MISS0006" x="809" y="1141" width="400" height="432" frameX="-1" frameY="0" frameWidth="421" frameHeight="435"/>
	<SubTexture name="BF NOTE RIGHT MISS0007" x="809" y="1141" width="400" height="432" frameX="-1" frameY="0" frameWidth="421" frameHeight="435"/>
	<SubTexture name="BF NOTE RIGHT MISS0008" x="809" y="1141" width="400" height="432" frameX="-1" frameY="0" frameWidth="421" frameHeight="435"/>
	<SubTexture name="BF NOTE RIGHT MISS0009" x="809" y="1141" width="400" height="432" frameX="-1" frameY="0" frameWidth="421" frameHeight="435"/>
	<SubTexture name="BF NOTE RIGHT MISS0010" x="809" y="1141" width="400" height="432" frameX="-1" frameY="0" frameWidth="421" frameHeight="435"/>
	<SubTexture name="BF NOTE RIGHT MISS0011" x="809" y="1141" width="400" height="432" frameX="-1" frameY="0" frameWidth="421" frameHeight="435"/>
	<SubTexture name="BF NOTE RIGHT MISS0012" x="809" y="1141" width="400" height="432" frameX="-1" frameY="0" frameWidth="421" frameHeight="435"/>
	<SubTexture name="BF NOTE RIGHT MISS0013" x="809" y="1141" width="400" height="432" frameX="-1" frameY="0" frameWidth="421" frameHeight="435"/>
	<SubTexture name="BF NOTE RIGHT MISS0014" x="809" y="1141" width="400" height="432" frameX="-1" frameY="0" frameWidth="421" frameHeight="435"/>
	<SubTexture name="BF NOTE RIGHT MISS0015" x="809" y="1141" width="400" height="432" frameX="-1" frameY="0" frameWidth="421" frameHeight="435"/>
	<SubTexture name="BF NOTE RIGHT MISS0016" x="809" y="1141" width="400" height="432" frameX="-1" frameY="0" frameWidth="421" frameHeight="435"/>
	<SubTexture name="BF NOTE RIGHT MISS0017" x="809" y="1141" width="400" height="432" frameX="-1" frameY="0" frameWidth="421" frameHeight="435"/>
	<SubTexture name="BF NOTE RIGHT MISS0018" x="809" y="1141" width="400" height="432" frameX="-1" frameY="0" frameWidth="421" frameHeight="435"/>
	<SubTexture name="BF NOTE RIGHT MISS0019" x="809" y="1141" width="400" height="432" frameX="-1" frameY="0" frameWidth="421" frameHeight="435"/>
	<SubTexture name="BF NOTE RIGHT MISS0020" x="809" y="1141" width="400" height="432" frameX="-1" frameY="0" frameWidth="421" frameHeight="435"/>
	<SubTexture name="BF NOTE RIGHT MISS0021" x="809" y="1141" width="400" height="432" frameX="-1" frameY="0" frameWidth="421" frameHeight="435"/>
	<SubTexture name="BF NOTE RIGHT MISS0022" x="809" y="1141" width="400" height="432" frameX="-1" frameY="0" frameWidth="421" frameHeight="435"/>
	<SubTexture name="BF NOTE RIGHT MISS0023" x="809" y="1141" width="400" height="432" frameX="-1" frameY="0" frameWidth="421" frameHeight="435"/>
	<SubTexture name="BF NOTE RIGHT MISS0024" x="809" y="1141" width="400" height="432" frameX="-1" frameY="0" frameWidth="421" frameHeight="435"/>
	<SubTexture name="BF NOTE RIGHT MISS0025" x="809" y="1141" width="400" height="432" frameX="-1" frameY="0" frameWidth="421" frameHeight="435"/>
	<SubTexture name="BF NOTE RIGHT MISS0026" x="809" y="1141" width="400" height="432" frameX="-1" frameY="0" frameWidth="421" frameHeight="435"/>
	<SubTexture name="BF NOTE RIGHT MISS0027" x="809" y="1141" width="400" height="432" frameX="-1" frameY="0" frameWidth="421" frameHeight="435"/>
	<SubTexture name="BF NOTE RIGHT MISS0028" x="809" y="1141" width="400" height="432" frameX="-1" frameY="0" frameWidth="421" frameHeight="435"/>
	<SubTexture name="BF NOTE RIGHT MISS0029" x="809" y="1141" width="400" height="432" frameX="-1" frameY="0" frameWidth="421" frameHeight="435"/>
	<SubTexture name="BF NOTE RIGHT MISS0030" x="809" y="1141" width="400" height="432" frameX="-1" frameY="0" frameWidth="421" frameHeight="435"/>
	<SubTexture name="BF NOTE RIGHT MISS0031" x="809" y="1141" width="400" height="432" frameX="-1" frameY="0" frameWidth="421" frameHeight="435"/>
	<SubTexture name="BF NOTE RIGHT MISS0032" x="809" y="1141" width="400" height="432" frameX="-1" frameY="0" frameWidth="421" frameHeight="435"/>
	<SubTexture name="BF NOTE RIGHT MISS0033" x="809" y="1141" width="400" height="432" frameX="-1" frameY="0" frameWidth="421" frameHeight="435"/>
	<SubTexture name="BF NOTE RIGHT MISS0034" x="809" y="1141" width="400" height="432" frameX="-1" frameY="0" frameWidth="421" frameHeight="435"/>
	<SubTexture name="BF NOTE RIGHT MISS0035" x="809" y="1141" width="400" height="432" frameX="-1" frameY="0" frameWidth="421" frameHeight="435"/>
	<SubTexture name="BF NOTE RIGHT MISS0036" x="809" y="1141" width="400" height="432" frameX="-1" frameY="0" frameWidth="421" frameHeight="435"/>
	<SubTexture name="BF NOTE RIGHT MISS0037" x="809" y="1141" width="400" height="432" frameX="-1" frameY="0" frameWidth="421" frameHeight="435"/>
	<SubTexture name="BF NOTE RIGHT MISS0038" x="809" y="1141" width="400" height="432" frameX="-1" frameY="0" frameWidth="421" frameHeight="435"/>
	<SubTexture name="BF NOTE RIGHT MISS0039" x="809" y="1141" width="400" height="432" frameX="-1" frameY="0" frameWidth="421" frameHeight="435"/>
	<SubTexture name="BF NOTE RIGHT MISS0040" x="809" y="1141" width="400" height="432" frameX="-1" frameY="0" frameWidth="421" frameHeight="435"/>
	<SubTexture name="BF NOTE RIGHT MISS0041" x="809" y="1141" width="400" height="432" frameX="-1" frameY="0" frameWidth="421" frameHeight="435"/>
	<SubTexture name="BF NOTE RIGHT MISS0042" x="809" y="1141" width="400" height="432" frameX="-1" frameY="0" frameWidth="421" frameHeight="435"/>
	<SubTexture name="BF NOTE RIGHT MISS0043" x="809" y="1141" width="400" height="432" frameX="-1" frameY="0" frameWidth="421" frameHeight="435"/>
	<SubTexture name="BF NOTE RIGHT MISS0044" x="809" y="1141" width="400" height="432" frameX="-1" frameY="0" frameWidth="421" frameHeight="435"/>
	<SubTexture name="BF NOTE RIGHT MISS0045" x="809" y="1141" width="400" height="432" frameX="-1" frameY="0" frameWidth="421" frameHeight="435"/>
	<SubTexture name="BF NOTE UP0000" x="1209" y="1141" width="325" height="353" frameX="-2" frameY="0" frameWidth="329" frameHeight="353"/>
	<SubTexture name="BF NOTE UP0001" x="1534" y="1141" width="325" height="353" frameX="-2" frameY="0" frameWidth="329" frameHeight="353"/>
	<SubTexture name="BF NOTE UP0002" x="1859" y="1141" width="329" height="347" frameX="0" frameY="-6" frameWidth="329" frameHeight="353"/>
	<SubTexture name="BF NOTE UP0003" x="2188" y="1141" width="329" height="347" frameX="0" frameY="-6" frameWidth="329" frameHeight="353"/>
	<SubTexture name="BF NOTE UP0004" x="2517" y="1141" width="329" height="347" frameX="0" frameY="-6" frameWidth="329" frameHeight="353"/>
	<SubTexture name="BF NOTE UP0005" x="2846" y="1141" width="329" height="347" frameX="0" frameY="-6" frameWidth="329" frameHeight="353"/>
	<SubTexture name="BF NOTE UP0006" x="1859" y="1141" width="329" height="347" frameX="0" frameY="-6" frameWidth="329" frameHeight="353"/>
	<SubTexture name="BF NOTE UP0007" x="2188" y="1141" width="329" height="347" frameX="0" frameY="-6" frameWidth="329" frameHeight="353"/>
	<SubTexture name="BF NOTE UP0008" x="2517" y="1141" width="329" height="347" frameX="0" frameY="-6" frameWidth="329" frameHeight="353"/>
	<SubTexture name="BF NOTE UP0009" x="2846" y="1141" width="329" height="347" frameX="0" frameY="-6" frameWidth="329" frameHeight="353"/>
	<SubTexture name="BF NOTE UP0010" x="1859" y="1141" width="329" height="347" frameX="0" frameY="-6" frameWidth="329" frameHeight="353"/>
	<SubTexture name="BF NOTE UP0011" x="2188" y="1141" width="329" height="347" frameX="0" frameY="-6" frameWidth="329" frameHeight="353"/>
	<SubTexture name="BF NOTE UP0012" x="2517" y="1141" width="329" height="347" frameX="0" frameY="-6" frameWidth="329" frameHeight="353"/>
	<SubTexture name="BF NOTE UP0013" x="2846" y="1141" width="329" height="347" frameX="0" frameY="-6" frameWidth="329" frameHeight="353"/>
	<SubTexture name="BF NOTE UP0014" x="1859" y="1141" width="329" height="347" frameX="0" frameY="-6" frameWidth="329" frameHeight="353"/>
	<SubTexture name="BF NOTE UP MISS0000" x="3175" y="1141" width="325" height="386" frameX="-9" frameY="-50" frameWidth="360" frameHeight="436"/>
	<SubTexture name="BF NOTE UP MISS0001" x="3500" y="1141" width="360" height="427" frameX="0" frameY="-3" frameWidth="360" frameHeight="436"/>
	<SubTexture name="BF NOTE UP MISS0002" x="3500" y="1141" width="360" height="427" frameX="0" frameY="-3" frameWidth="360" frameHeight="436"/>
	<SubTexture name="BF NOTE UP MISS0003" x="0" y="1573" width="357" height="430" frameX="-1" frameY="0" frameWidth="360" frameHeight="436"/>
	<SubTexture name="BF NOTE UP MISS0004" x="0" y="1573" width="357" height="430" frameX="-1" frameY="0" frameWidth="360" frameHeight="436"/>
	<SubTexture name="BF NOTE UP MISS0005" x="0" y="1573" width="357" height="430" frameX="-1" frameY="0" frameWidth="360" frameHeight="436"/>
	<SubTexture name="BF NOTE UP MISS0006" x="0" y="1573" width="357" height="430" frameX="-1" frameY="0" frameWidth="360" frameHeight="436"/>
	<SubTexture name="BF NOTE UP MISS0007" x="0" y="1573" width="357" height="430" frameX="-1" frameY="0" frameWidth="360" frameHeight="436"/>
	<SubTexture name="BF NOTE UP MISS0008" x="0" y="1573" width="357" height="430" frameX="-1" frameY="0" frameWidth="360" frameHeight="436"/>
	<SubTexture name="BF NOTE UP MISS0009" x="0" y="1573" width="357" height="430" frameX="-1" frameY="0" frameWidth="360" frameHeight="436"/>
	<SubTexture name="BF NOTE UP MISS0010" x="0" y="1573" width="357" height="430" frameX="-1" frameY="0" frameWidth="360" frameHeight="436"/>
	<SubTexture name="BF NOTE UP MISS0011" x="0" y="1573" width="357" height="430" frameX="-1" frameY="0" frameWidth="360" frameHeight="436"/>
	<SubTexture name="BF NOTE UP MISS0012" x="0" y="1573" width="357" height="430" frameX="-1" frameY="0" frameWidth="360" frameHeight="436"/>
	<SubTexture name="BF NOTE UP MISS0013" x="0" y="1573" width="357" height="430" frameX="-1" frameY="0" frameWidth="360" frameHeight="436"/>
	<SubTexture name="BF NOTE UP MISS0014" x="0" y="1573" width="357" height="430" frameX="-1" frameY="0" frameWidth="360" frameHeight="436"/>
	<SubTexture name="BF NOTE UP MISS0015" x="0" y="1573" width="357" height="430" frameX="-1" frameY="0" frameWidth="360" frameHeight="436"/>
	<SubTexture name="BF NOTE UP MISS0016" x="0" y="1573" width="357" height="430" frameX="-1" frameY="0" frameWidth="360" frameHeight="436"/>
	<SubTexture name="BF NOTE UP MISS0017" x="0" y="1573" width="357" height="430" frameX="-1" frameY="0" frameWidth="360" frameHeight="436"/>
	<SubTexture name="BF NOTE UP MISS0018" x="0" y="1573" width="357" height="430" frameX="-1" frameY="0" frameWidth="360" frameHeight="436"/>
	<SubTexture name="BF NOTE UP MISS0019" x="0" y="1573" width="357" height="430" frameX="-1" frameY="0" frameWidth="360" frameHeight="436"/>
	<SubTexture name="BF NOTE UP MISS0020" x="0" y="1573" width="357" height="430" frameX="-1" frameY="0" frameWidth="360" frameHeight="436"/>
	<SubTexture name="BF NOTE UP MISS0021" x="0" y="1573" width="357" height="430" frameX="-1" frameY="0" frameWidth="360" frameHeight="436"/>
	<SubTexture name="BF NOTE UP MISS0022" x="0" y="1573" width="357" height="430" frameX="-1" frameY="0" frameWidth="360" frameHeight="436"/>
	<SubTexture name="BF NOTE UP MISS0023" x="0" y="1573" width="357" height="430" frameX="-1" frameY="0" frameWidth="360" frameHeight="436"/>
	<SubTexture name="BF idle dance0000" x="357" y="1573" width="371" height="282" frameX="0" frameY="-21" frameWidth="376" frameHeight="303"/>
	<SubTexture name="BF idle dance0001" x="728" y="1573" width="371" height="282" frameX="0" frameY="-21" frameWidth="376" frameHeight="303"/>
	<SubTexture name="BF idle dance0002" x="1099" y="1573" width="375" height="284" frameX="-1" frameY="-19" frameWidth="376" frameHeight="303"/>
	<SubTexture name="BF idle dance0003" x="1474" y="1573" width="375" height="284" frameX="-1" frameY="-19" frameWidth="376" frameHeight="303"/>
	<SubTexture name="BF idle dance0004" x="1849" y="1573" width="367" height="289" frameX="-3" frameY="-14" frameWidth="376" frameHeight="303"/>
	<SubTexture name="BF idle dance0005" x="2216" y="1573" width="367" height="289" frameX="-3" frameY="-14" frameWidth="376" frameHeight="303"/>
	<SubTexture name="BF idle dance0006" x="2583" y="1573" width="362" height="302" frameX="-3" frameY="-1" frameWidth="376" frameHeight="303"/>
	<SubTexture name="BF idle dance0007" x="2945" y="1573" width="362" height="302" frameX="-3" frameY="-1" frameWidth="376" frameHeight="303"/>
	<SubTexture name="BF idle dance0008" x="3307" y="1573" width="361" height="303" frameX="-3" frameY="0" frameWidth="376" frameHeight="303"/>
	<SubTexture name="BF idle dance0009" x="3668" y="1573" width="361" height="303" frameX="-3" frameY="0" frameWidth="376" frameHeight="303"/>
	<SubTexture name="BF idle dance0010" x="0" y="2003" width="361" height="303" frameX="-3" frameY="0" frameWidth="376" frameHeight="303"/>
	<SubTexture name="BF idle dance0011" x="361" y="2003" width="361" height="303" frameX="-3" frameY="0" frameWidth="376" frameHeight="303"/>
	<SubTexture name="BF idle dance0012" x="3307" y="1573" width="361" height="303" frameX="-3" frameY="0" frameWidth="376" frameHeight="303"/>
	<SubTexture name="BF idle dance0013" x="3668" y="1573" width="361" height="303" frameX="-3" frameY="0" frameWidth="376" frameHeight="303"/>
</TextureAtlas>
